名称,期数/小标题,标签/类型,时间/日期,链接,备注
《哈哈哈哈哈 第3季》,第8期加更,"综艺, 腾讯, 爱奇艺, 视频",2023/4/22,https://v.qq.com/x/cover/mzc002000mqs1cp/u0046ruwmmi.html,
《哈哈哈哈哈 第3季》,第8期下,"综艺, 腾讯, 爱奇艺, 视频",2023/4/21,https://v.qq.com/x/cover/mzc002000mqs1cp/m0046vgglqz.html,
《哈哈哈哈哈 第3季》,第8期上,"综艺, 腾讯, 爱奇艺, 视频",2023/4/21,https://v.qq.com/x/cover/mzc002000mqs1cp/i0046en65lj.html,
《哈哈哈哈哈 第3季》,第7期加更,"综艺, 腾讯, 爱奇艺, 视频",2023/4/15,https://v.qq.com/x/cover/mzc002000mqs1cp/b0046x4gs5v.html,
《哈哈哈哈哈 第3季》,第7期下,"综艺, 腾讯, 爱奇艺, 视频",2023/4/14,https://v.qq.com/x/cover/mzc002000mqs1cp/a0046tk00jz.html,
《哈哈哈哈哈 第3季》,第7期上,"综艺, 腾讯, 爱奇艺, 视频",2023/4/14,https://v.qq.com/x/cover/mzc002000mqs1cp/q0046np5kpb.html,
抖音直播,王勉/鹿晗/宝石老舅/范志毅,"抖音, 微博, 视频, 直播",2023/4/11,https://weibo.com/tv/show/1034:4889445028266049?from=old_pc_videoshow,链接为粉丝录屏
车澈的直播吐槽,,"小红书, VLOG, 抖音, 视频",2023/4/6,http://xhslink.com/UzU4So,车撤的抖音是各路名人集锦，这个相当于官方CUT
《平凡的勋章》,吴泽林 / 汪涵 / 大锁 / 吴波 / 张含韵 / 沈梦辰 / 王勉 / 汪星宇,"音乐, 音频",2023/4/8,https://c6.y.qq.com/base/fcgi-bin/u?__=aZkmN10D3v0A,《云上的小店 第二季》主题曲
《哈哈哈哈哈 第3季》,第6期加更,"综艺, 腾讯, 爱奇艺, 视频",2023/4/8,https://v.qq.com/x/cover/mzc002000mqs1cp/g0046q9v1pg.html,
《哈哈哈哈哈 第3季》,第6期下,"综艺, 腾讯, 爱奇艺, 视频",2023/4/7,https://v.qq.com/x/cover/mzc002000mqs1cp/p004620gqxq.html,
《哈哈哈哈哈 第3季》,第6期上,"综艺, 腾讯, 爱奇艺, 视频",2023/4/7,https://v.qq.com/x/cover/mzc002000mqs1cp/w004614ruu7.html,
《云上的小店 第二季》,第12期,"综艺, 芒果, 视频",2023/4/2,https://www.mgtv.com/b/506821/18577953.html,
《哈哈哈哈哈 第3季》,第5期加更,"综艺, 腾讯, 爱奇艺, 视频",2023/4/1,https://v.qq.com/x/cover/mzc002000mqs1cp/g0045mhxtsx.html,
《哈哈哈哈哈 第3季》,赛事特辑：乒乓表演赛！鹿晗PK王勉,"综艺, 腾讯, 爱奇艺, 视频",2023/3/31,https://v.qq.com/x/cover/mzc002000mqs1cp/t00455iwz59.html,
《哈哈哈哈哈 第3季》,第5期下,"综艺, 腾讯, 爱奇艺, 视频",2023/3/31,https://v.qq.com/x/cover/mzc002000mqs1cp/o00455aempc.html,
《哈哈哈哈哈 第3季》,第5期上,"综艺, 腾讯, 爱奇艺, 视频",2023/3/31,https://v.qq.com/x/cover/mzc002000mqs1cp/r0045cdii8a.html,
【鹿晗】,#鹿晗王勉逛街#,"视频, 微博, VLOG",2023/3/27,https://weibo.com/1537790411/MzeUKgv3B,
《云上的小店 第二季》,第11期,"综艺, 芒果, 视频",2023/3/26,https://www.mgtv.com/b/506821/18541580.html,
【微博之夜】,#微博年度综艺#,"视频, 微博, 商务",2023/3/25,https://weibo.com/1677969704/MyWVNn0hK,与庞博、何广智一起代表《脱口秀大会 第5季》领奖
【微博之夜】,#微博之夜红毯#,"视频, 微博, 商务",2023/3/25,https://weibo.com/1677969704/Mz4GJeGrK,
【李诞】,生活方式很荒唐的一天（下篇）,"VLOG, 视频, 小红书, 抖音",2023/3/23,http://xhslink.com/0R5Vqo,
【李诞】,生活方式很荒唐的一天（上篇）,"VLOG, 视频, 小红书, 抖音",2023/3/22,http://xhslink.com/S3UVqo,
《哈哈哈哈哈 第3季》,第4期加更,"综艺, 腾讯, 爱奇艺, 视频",2023/3/25,https://v.qq.com/x/cover/mzc002000mqs1cp/u0045gnltq2.html,
《哈哈哈哈哈 第3季》,第4期下,"综艺, 腾讯, 爱奇艺, 视频",2023/3/24,https://v.qq.com/x/cover/mzc002000mqs1cp/h0045ikuchs.html,
《哈哈哈哈哈 第3季》,第4期上,"综艺, 腾讯, 爱奇艺, 视频",2023/3/24,https://v.qq.com/x/cover/mzc002000mqs1cp/m0045gwnwl5.html,
#大家时装周#,#姜思达王勉走秀# ​,"小红书, 视频",2023/3/19,,暂无官方回放
【Liverpool陈】,我们在上海衡山路半露天 办了一个很新的秀,"VLOG, 视频, 小红书",2023/3/19,http://xhslink.com/yRFHfo,
《云上的小店 第二季》,第10期,"综艺, 芒果, 视频",2023/3/19,https://www.mgtv.com/b/506821/18499242.html,
《哈哈哈哈哈 第3季》,第3期加更,"综艺, 腾讯, 爱奇艺, 视频",2023/3/18,https://v.qq.com/x/cover/mzc002000mqs1cp/l0045v9s83z.html,
《哈哈哈哈哈 第3季》,第3期下,"综艺, 腾讯, 爱奇艺, 视频",2023/3/17,https://v.qq.com/x/cover/mzc002000mqs1cp/z00450mqrfl.html,
《哈哈哈哈哈 第3季》,第3期上,"综艺, 腾讯, 爱奇艺, 视频",2023/3/17,https://v.qq.com/x/cover/mzc002000mqs1cp/a0045etgx2p.html,
《云上的小店 第二季》,第9期,"综艺, 芒果, 视频",2023/3/12,https://www.mgtv.com/b/506821/18465821.html,
《哈哈哈哈哈 第3季》,第2期加更,"综艺, 腾讯, 爱奇艺, 视频",2023/3/11,https://v.qq.com/x/cover/mzc002000mqs1cp/w004538v8oa.html,
《哈哈哈哈哈 第3季》,第2期下,"综艺, 腾讯, 爱奇艺, 视频",2023/3/10,https://v.qq.com/x/cover/mzc002000mqs1cp/r0045l4k01r.html,
《哈哈哈哈哈 第3季》,第2期上,"综艺, 腾讯, 爱奇艺, 视频",2023/3/10,https://v.qq.com/x/cover/mzc002000mqs1cp/a004527koek.html,
【杭州2022年亚运会】,#杭州亚运会主题推广曲#《从现在 到未来》,"微博, 视频, 音乐",2023/3/7,https://weibo.com/6427644421/Mw8N5wFv7,5分34秒开始
【湖南娱乐官方】,《小湖朋友圈》专访正片,"采访, 视频, 微博",2023/3/4,https://weibo.com/1721744173/MvKOnuQqD,
《哈哈哈哈哈 第3季》,第1期加更,"综艺, 腾讯, 爱奇艺, 视频",2023/3/4,https://v.qq.com/x/cover/mzc002000mqs1cp/a004525q6wm.html,
《哈哈哈哈哈 第3季》,第1期下,"综艺, 腾讯, 爱奇艺, 视频",2023/3/3,https://v.qq.com/x/cover/mzc002000mqs1cp/s0045i8yicy.html,
《哈哈哈哈哈 第3季》,第1期上,"综艺, 腾讯, 爱奇艺, 视频",2023/3/3,https://v.qq.com/x/cover/mzc002000mqs1cp/z004555anur.html,
《女士的品格》,王勉观剧reaction,"影视, 芒果, 视频, 采访",2023/3/2,https://www.mgtv.com/b/464867/18412435.html,
《女士的品格》,第40集,"影视, 芒果, 视频, 卫视",2023/3/2,https://www.mgtv.com/b/464867/18361888.html,大结局
《女士的品格》,王勉独家专访,"影视, 芒果, 视频, 采访",2023/3/2,https://www.mgtv.com/b/464867/18407323.html,
《女士的品格》,第39集,"影视, 芒果, 视频, 卫视",2023/3/1,https://www.mgtv.com/b/464867/18361880.html,
《女士的品格》,幕后大爆料,"影视, 芒果, 视频, 采访",2023/2/28,https://www.mgtv.com/b/464867/18399978.html?cxid=69xlwb75,邢菲王勉独家专访Part2
《女士的品格》,第35集,"影视, 芒果, 视频, 卫视",2023/2/27,https://www.mgtv.com/b/464867/18361935.html,
《女士的品格》,第34集,"影视, 芒果, 视频, 卫视",2023/2/27,https://www.mgtv.com/b/464867/18361919.html,
【新京报】,“跨界”拍电视剧的王勉说：只要一直保持创作产出，就是对的,"采访, 文字",2023/2/27,https://www.bjnews.com.cn/detail/1677482183168479.html,
《女士的品格》,彩蛋1：点映礼,"影视, 芒果, 视频, 卫视, 采访",2023/2/25,https://www.mgtv.com/b/464867/18364536.html,目前需付费
《哈哈哈哈哈 第3季》,先导片,"综艺, 腾讯, 爱奇艺, 视频",2023/2/24,https://v.qq.com/x/cover/mzc002000mqs1cp/w0045djfcnr.html,五哈为腾讯、爱奇艺双平台，链接为腾讯，爱奇艺可自行搜索
《云上的小店 第二季》,第8期,"综艺, 芒果, 视频",2023/2/26,https://www.mgtv.com/b/506821/18393772.html,
《甜蜜的任务》,20230226期,"综艺, 芒果, 采访, 视频",2023/2/26,https://www.mgtv.com/b/512201/18390403.html,王勉分享饰演“奶爸”初体验 揭秘拍戏即兴创作全过程！
《女士的品格》,第32集,"影视, 芒果, 视频, 卫视",2023/2/24,https://www.mgtv.com/b/464867/18385266.html,弹吉他
《女士的品格》,第31集,"影视, 芒果, 视频, 卫视",2023/2/23,https://www.mgtv.com/b/464867/18378267.html,
《女士的品格》,第30集,"影视, 芒果, 视频, 卫视",2023/2/23,https://www.mgtv.com/b/464867/18378147.html,
《我们的客栈》,王勉唱跳直拍,"综艺, 视频, 微博",2023/2/22,https://weibo.com/7811614042/Muc0f80cB,
《女士的品格》,第29集,"影视, 芒果, 视频, 卫视",2023/2/22,https://www.mgtv.com/b/464867/18368900.html,
《女士的品格》,第28集,"影视, 芒果, 视频, 卫视",2023/2/22,https://www.mgtv.com/b/464867/18368850.html,
《女士的品格》,第27集,"影视, 芒果, 视频, 卫视",2023/2/21,https://www.mgtv.com/b/464867/18361582.html,
《女士的品格》,第25集,"影视, 芒果, 视频, 卫视",2023/2/20,https://www.mgtv.com/b/464867/18355093.html,
《女士的品格》,第24集,"影视, 芒果, 视频, 卫视",2023/2/20,https://www.mgtv.com/b/464867/18354291.html,这集的”只看TA“有点问题，遗漏片段。
《我们的客栈》,第6期加更,"综艺, 卫视, 腾讯, 爱奇艺, 视频, 优酷",2023/2/20,https://v.qq.com/x/cover/mzc002007xmrkcl/z00454xoacd.html,
《女士的品格》,灵魂大拷问,"影视, 芒果, 视频, 采访",2023/2/19,https://www.mgtv.com/b/464867/18349196.html,邢菲王勉独家专访Part1
《云上的小店 第二季》,第7期,"综艺, 芒果, 视频",2023/2/19,https://www.mgtv.com/b/506821/18351132.html,
《我们的客栈》,第6期,"综艺, 卫视, 腾讯, 爱奇艺, 视频, 优酷",2023/2/17,https://v.qq.com/x/cover/mzc002007xmrkcl/q004548647g.html,链接为腾讯，浙江卫视和爱奇艺、优酷也有
《女士的品格》,第21集,"影视, 芒果, 视频, 卫视",2023/2/16,https://www.mgtv.com/b/464867/18332561.html,
《女士的品格》,第22集,"影视, 芒果, 视频, 卫视",2023/2/17,https://www.mgtv.com/b/464867/18338991.html,
《女士的品格》,第23集,"影视, 芒果, 视频, 卫视",2023/2/18,https://www.mgtv.com/b/464867/18339099.html,
《女士的品格》,第18集,"影视, 芒果, 视频, 卫视",2023/2/15,https://www.mgtv.com/b/464867/18324457.html,
《女士的品格》,第17集,"影视, 芒果, 视频, 卫视",2023/2/14,https://www.mgtv.com/b/464867/18316248.html,
《女士的品格》,第16集,"影视, 芒果, 视频, 卫视",2023/2/14,https://www.mgtv.com/b/464867/18316168.html,
《女士的品格》,彩蛋8,"影视, 芒果, 视频, 卫视, 音乐, 脱口秀",2023/2/14,https://www.mgtv.com/b/464867/18290453.html,付费解锁，《给大宝的歌》，微博有人发：https://weibo.com/tv/show/1034:4873095094403123?from=old_pc_videoshow
《女士的品格》,彩蛋4,"影视, 芒果, 视频, 卫视",2023/2/14,https://www.mgtv.com/b/464867/18302965.html,
《女士的品格》,第15集,"影视, 芒果, 视频, 卫视",2023/2/13,https://www.mgtv.com/b/464867/18309887.html,
《女士的品格》,第14集,"影视, 芒果, 视频, 卫视",2023/2/13,https://www.mgtv.com/b/464867/18309876.html,
《我们的客栈》,第5期加更,"综艺, 卫视, 腾讯, 爱奇艺, 视频, 优酷",2023/2/13,https://v.qq.com/x/cover/mzc002007xmrkcl/y0045cu1jkq.html,
《我们的客栈》,第5期,"综艺, 卫视, 腾讯, 爱奇艺, 视频, 优酷",2023/2/10,https://v.qq.com/x/cover/mzc002007xmrkcl/z0045vfgcyi.html,链接为腾讯，浙江卫视和爱奇艺也有
《云上的小店 第二季》,第5期,"综艺, 芒果, 视频",2023/1/29,https://www.mgtv.com/b/506821/18205099.html,
《云上的小店 第二季》,第6期,"综艺, 芒果, 视频",2023/2/12,https://www.mgtv.com/b/506821/18307247.html,
《女士的品格》,第12集,"影视, 芒果, 视频, 卫视",2023/2/11,https://www.mgtv.com/b/464867/18296076.html,
《女士的品格》,茶话会（微博直播）,"微博, 视频, 直播",2023/2/12,https://weibo.com/1284876111/MsHtmoMoo,链接为官方回放，粉丝cut可看：https://weibo.com/tv/show/1034:4868408173592615
《女士的品格》,第9集,"影视, 芒果, 视频, 卫视",2023/2/9,https://www.mgtv.com/b/464867/18290414.html,
《女士的品格》,第7集,"影视, 芒果, 视频, 卫视",2023/2/8,https://www.mgtv.com/b/464867/18260586.html,
《大风》,《女士的品格》电视剧片尾曲,"音乐, 音频",2023/2/8,https://c.y.qq.com/base/fcgi-bin/u?__=7DzGt7n6cIA9,
《女士的品格》,第6集,"影视, 芒果, 视频, 卫视",2023/2/7,https://www.mgtv.com/b/464867/18254888.html,
《女士的品格》,第5集,"影视, 芒果, 视频, 卫视",2023/2/7,https://www.mgtv.com/b/464867/18254816.html,
《女士的品格》,第4集,"影视, 芒果, 视频, 卫视",2023/2/6,https://www.mgtv.com/b/464867/18251146.html,
《女士的品格》,第3集,"影视, 芒果, 视频, 卫视",2023/2/6,https://www.mgtv.com/b/464867/18251112.html,
《女士的品格》,第2集,"影视, 芒果, 视频, 卫视",2023/2/6,https://www.mgtv.com/b/464867/18251082.html,
《女士的品格》,第1集,"影视, 芒果, 视频, 卫视",2023/2/6,https://www.mgtv.com/b/464867/18251066.html,如果不想看全片，芒果有“只看TA”功能
《去炫吧！乐派》,第7期,"综艺, 芒果, 视频, 音乐",2023/2/4,https://www.mgtv.com/b/508148/18238433.html,
《开工了！新生活》,,"综艺, 爱奇艺, 视频, 脱口秀",2023/2/5,https://www.iqiyi.com/v_27cqzc28fdg.html,传统脱口秀+小游戏
东方卫视 超好笑元宵夜,正片,"综艺, 抖音, 视频, 直播, 卫视, 脱口秀",2023/2/5,https://www.douyin.com/vsdetail/7182866197678363709,主持+传统脱口秀
潇洒走一回 (Live),,"音乐, 腾讯, 音频",2023/1/14,https://y.qq.com/n/ryqq/songDetail/392043309,网络春晚音源
热血燃 (Live),,"音乐, 腾讯, 音频",2023/1/16,https://y.qq.com/n/ryqq/songDetail/391913880,大侦探演唱会音源
《大侦探 第八季》,超前聚会（俱乐部）,"综艺, 芒果, 视频",2023/1/19,https://www.mgtv.com/b/514446/18145830.html,花絮
《大侦探 第八季》,超前聚会,"综艺, 芒果, 视频",2023/1/19,https://www.mgtv.com/b/514446/18145891.html,正片
#中国联通视频彩铃#,新年音乐脱口秀（广告）,"商务, 微博, 视频, 音乐, 脱口秀",2023/1/16,https://weibo.com/2002148123/MoyqGBQ0M,
《去炫吧！乐派》,会员Plus版第5期,"综艺, 芒果, 视频, 音乐",2023/1/15,https://www.mgtv.com/b/508148/18118766.html,
《去炫吧！乐派》,第5期,"综艺, 芒果, 视频, 音乐",2023/1/14,https://www.mgtv.com/b/508148/18113992.html,这期好看的，私心推荐
《大侦探 第八季》,舞台直拍第2场,"综艺, 芒果, 视频",2023/1/13,https://www.mgtv.com/b/514446/18053397.html,
《大侦探 第八季》,台下Reaction第1场,"综艺, 芒果, 视频",2023/1/13,https://www.mgtv.com/b/514446/18053385.html,
《大侦探 第八季》,幕后全纪录第2场,"综艺, 芒果, 视频",2023/1/13,https://www.mgtv.com/b/514446/18053368.html,
《大侦探 第八季》,新春演唱会第2场,"综艺, 芒果, 视频, 音乐",2023/1/13,https://www.mgtv.com/b/514446/18053295.html,和大张伟，《热血燃》
《2023年中央广播电视总台网络春晚》,,"央视, 综艺, 视频, 腾讯, 音乐",2023/1/14,https://v.cctv.com/2023/01/14/VIDEaw2VJwQT5s9COxowWe9e230114.shtml?spm=C12120290324.PJ75V0vmrpnQ.0.0,链接为央视节目CUT，腾讯也能看，链接：https://v.qq.com/x/cover/mzc0020048ftzbi/s00454422ue.html
《大侦探 第八季》,台下Reaction第1场,"综艺, 芒果, 视频",2023/1/12,https://www.mgtv.com/b/514446/18053351.html,
《大侦探 第八季》,幕后全纪录第1场,"综艺, 芒果, 视频",2023/1/12,https://www.mgtv.com/b/514446/18053336.html,
《大侦探 第八季》,新春演唱会第1场,"综艺, 芒果, 视频, 音乐",2023/1/12,https://www.mgtv.com/b/514446/18053294.html,需单独付费，镜头不多，可等转免
《云上的小店 第二季》,第2期先导片,"综艺, 芒果, 视频",2022/12/18,https://www.mgtv.com/b/506821/17976534.html,
《云上的小店 第二季》,第4期先导片,"综艺, 芒果, 视频",2023/1/1,https://www.mgtv.com/b/506821/18028958.html,
《云上的小店 第二季》,第4期,"综艺, 芒果, 视频",2023/1/1,https://www.mgtv.com/b/506821/18028968.html,
抖音直播,跨年祝福,"直播, 抖音, 视频",2022/12/31,https://weibo.com/3182148054/MmgSz2cLD,粉丝录屏
突然更新的Vlog-鹿晗,演唱会幕后,"微博, VLOG, 视频",2022/12/31,https://weibo.com/1537790411/Mm8Ku0nJU,6:28秒开始
《云上的小店 第二季》,第3期,"综艺, 芒果, 视频",2022/12/25,https://www.mgtv.com/b/506821/17997971.html,
《自由 (Live)》,鹿晗/高瀚宇/高苏尧/毛不易/王勉/小爱,"音乐, 音频",2022/11/24,https://c.y.qq.com/base/fcgi-bin/u?__=TXfvMmzWnnVu,
《小镇姑娘(Live)》,鹿晗/王勉,"音乐, 音频",2022/11/24,https://c.y.qq.com/base/fcgi-bin/u?__=dun2JxBWnIO7,
《“好久不见，出来聊聊” 鹿晗2022不插电&乐队现场音乐会 (Live)》,TME Live直播回放,"直播, 音乐, 视频",2022/11/19,https://y.qq.com/n/ryqq/mv/004aYHrG2j3kZS,嘉宾，《小镇姑娘》、《自由》
《脱口秀大会 第5季》,第10期下,"综艺, 腾讯, 视频",2022/11/16,https://v.qq.com/x/cover/mzc0020016b6v6q/g00448n91zg.html,无表演，有互动和后采
《脱口秀大会 第5季》,第10期上,"综艺, 腾讯, 脱口秀, 视频",2022/11/15,https://v.qq.com/x/cover/mzc0020016b6v6q/m00445blvij.html,和大张伟，开场秀
途虎养车双11唱谈会,,"商务, 微博, 视频, 直播",2022/11/10,https://weibo.com/3182148054/MepSFCzzE,官方回放在微信小程序“途虎直播间”（无法导出链接）
开笑有益公益脱口秀,,"卫视, 商务, 抖音, 直播, 脱口秀",2022/9/5,https://www.douyin.com/video/7139921245163818253,链接为官方，横板视频见微博存档：https://weibo.com/3182148054/M4sew9SBw
《曾经心动的offer》,EP03加更,"腾讯, 视频, 综艺",2022/9/28,https://v.qq.com/x/cover/mzc00200dota7ro/f0044x6fpa5.html,
AION发布会直播,,"商务, 微博, 脱口秀, 视频, 音乐",2022/9/27,https://m.weibo.cn/6192145805/4818399462692520,链接为官方回放，表演CUT见：https://weibo.com/3182148054/M7J0kBeix
《曾经心动的offer》,EP03,"腾讯, 视频, 综艺",2022/9/26,https://v.qq.com/x/cover/mzc00200dota7ro/a00445m74pl.html,
《曾经心动的offer》,EP02,"腾讯, 视频, 综艺",2022/9/20,https://v.qq.com/x/cover/mzc00200dota7ro/g0044lpoefx.html,
《曾经心动的offer》,EP01,"腾讯, 视频, 综艺",2022/9/19,https://v.qq.com/x/cover/mzc00200dota7ro/q0044zzotds.html,
抖音电商非常心动夜,,"商务, 抖音, 直播, 脱口秀",2022/9/15,https://www.douyin.com/user/MS4wLjABAAAAcBdayxKCmISQKYDQ3cr62F1FFQ3uyyvl-I7EwwmK-ms?modal_id=7143614718589111589,链接为官方片段，完整版见我微博视频存档：https://weibo.com/3182148054/M60ky1JiU
《天天向上》,20220915期,"芒果, 视频, 综艺",2022/9/15,https://www.mgtv.com/b/407097/17480622.html?fpa=1871&fpos=&lastp=ch_home,
《美好年华研习社》,会员Plus版第6期,"芒果, 视频, 综艺",2022/9/12,https://www.mgtv.com/b/461890/17462244.html,
《美好年华研习社》,第6期,"芒果, 视频, 综艺",2022/9/11,https://www.mgtv.com/b/461890/17461089.html?fpa=35404&fpos=9&lastp=ch_home,
《朤月东方——月光露营会》东方中秋晚会,,"卫视, 爱奇艺, 综艺, 腾讯, 视频, 音乐",2022/9/10,https://v.qq.com/x/cover/mzc00200ny5qtme/e0044qxnwv6.html,做主持人，弹唱了几首歌曲小段
《怎么办！脱口秀专场》,第7期加更,"腾讯, 视频, 综艺",2022/8/9,https://v.qq.com/x/cover/mzc002000t8l02d/g004326l81n.html,
《怎么办！脱口秀专场》,第7期下,"腾讯, 视频, 综艺",2022/8/9,https://v.qq.com/x/cover/mzc002001kxmrjg/o00439015xs.html,
京东华帝油烟机直播,,"商务, 微博, 直播",2022/8/9,https://weibo.com/3182148054/M0lE1cfQ9,回放视频截取
《脱口秀大会 第5季》,第1期上,"脱口秀, 腾讯, 视频, 综艺",2022/8/30,https://v.qq.com/x/cover/mzc0020016b6v6q/u0044od482k.html,和大张伟，开场秀
《听说很好吃 第2季》,第5期,"爱奇艺, 综艺, 脱口秀, 腾讯, 视频, 音乐",2022/8/27,https://v.qq.com/x/cover/mzc00200uraragr/n0044a8dyia.html,表演作品《妈 要不然你还是回来吧》为旧曲新填，见B站《用歌放毒，最近真的太馋了。希望一切顺利，饭店早日开门。》
《怎么办！脱口秀专场》,第10期加更,"腾讯, 视频, 综艺",2022/8/25,https://v.qq.com/x/cover/mzc00200q1etegt/d0044o0qvze.html,
《怎么办！脱口秀专场》,第10期下,"脱口秀, 腾讯, 视频, 音乐, 综艺",2022/8/24,https://v.qq.com/x/cover/mzc00200q1etegt/d0044adn2pt.html,和Tizzy T，《超生气》
《怎么办！脱口秀专场》,第10期加更,"腾讯, 视频, 综艺",2022/8/23,https://v.qq.com/x/cover/mzc00200q1etegt/g0044rjtkd9.html,
《怎么办！脱口秀专场》,第10期上,"腾讯, 视频, 综艺",2022/8/23,https://v.qq.com/x/cover/mzc00200q1etegt/b0044ojn7lp.html,
《怎么办！脱口秀专场》,第7期加更 编剧部的故事,"腾讯, 视频, 综艺",2022/8/2,https://v.qq.com/x/cover/mzc00200b7tbtyb/t0043qv8k0v.html,
《怎么办！脱口秀专场》,第7期上,"腾讯, 视频, 综艺",2022/8/2,https://v.qq.com/x/cover/mzc002005hjhf0d/h0043qun953.html,
《出发吧！老妈》,第2期,"快手, 综艺, 视频",2022/8/13,https://www.kuaishou.com/short-video/3xdpi6hz9hnu8ny?authorId=3xp2ht86p6tcv4y&streamSource=profile&area=profilexxnull,和大张伟，链接为官方回放视频
《怎么办！脱口秀专场》,第8期加更,"腾讯, 视频, 综艺",2022/8/12,https://v.qq.com/x/cover/mzc00200q1etegt/z00442j63ad.html,
《怎么办！脱口秀专场》,第8期下,"脱口秀, 腾讯, 视频, 音乐, 综艺",2022/8/11,https://v.qq.com/x/cover/mzc00200q1etegt/j0043q1y82a.html,和徐志胜，《白色生死恋》
《怎么办！脱口秀专场》,第8期上,"腾讯, 视频, 综艺",2022/8/10,https://v.qq.com/x/cover/mzc00200q1etegt/t0043pmepc2.html,
《怎么办！脱口秀专场》,第3期加更 下班了编剧部,"腾讯, 视频, 综艺",2022/7/7,https://v.qq.com/x/cover/mzc002005pblnax/m0043cvl51a.html,
《怎么办！脱口秀专场》,第3期下,"腾讯, 视频, 综艺",2022/7/6,https://v.qq.com/x/cover/mzc00200a3qnyuv/a00430zs2re.html,
《怎么办！脱口秀专场》,第3期加更,"腾讯, 视频, 综艺",2022/7/5,https://v.qq.com/x/cover/mzc00200ni30dba/l0043xq54cl.html,
《怎么办！脱口秀专场》,第3期上,"腾讯, 视频, 综艺",2022/7/5,https://v.qq.com/x/cover/mzc00200jmv8tz6/s0043h1szuj.html,
《怎么办！脱口秀专场》,第6期加更 下班了编剧部,"腾讯, 视频, 综艺",2022/7/28,https://v.qq.com/x/cover/mzc00200uhex62p/y0043s6j0xm.html,
《怎么办！脱口秀专场》,第6期下,"腾讯, 视频, 综艺",2022/7/27,https://v.qq.com/x/cover/mzc00200bejwlxy/u0043f81wal.html,
《怎么办！脱口秀专场》,第6期加更 编剧部的故事,"腾讯, 视频, 综艺",2022/7/26,https://v.qq.com/x/cover/mzc00200r6jopdu/x0043xedod0.html,
《怎么办！脱口秀专场》,第6期上,"腾讯, 视频, 综艺",2022/7/26,https://v.qq.com/x/cover/mzc00200b1ht54h/u0043abcegw.html,
"#刘恋不做ppt的日常#
 在当1日限定脱口秀演员。",,"VLOG, 微博, 视频",2022/7/22,https://weibo.com/1750333295/LDuGqffT6,
《怎么办！脱口秀专场》,第5期加更 下班了编剧部,"腾讯, 视频, 综艺",2022/7/21,https://v.qq.com/x/cover/mzc00200e1wv2v1/h0043ube6rq.html,
《怎么办！脱口秀专场》,第5期下,"脱口秀, 腾讯, 视频, 音乐, 综艺",2022/7/20,https://v.qq.com/x/cover/mzc0020048uyo1s/r0043e29bn7.html,和Mr.Miss合作，毕业歌
《周末新花young》,第2期,"央视, 综艺, 视频",2022/7/2,https://yspapp.cn/5Be,
《怎么办！脱口秀专场》,第5期加更 编剧部的故事,"腾讯, 视频, 综艺",2022/7/19,https://v.qq.com/x/cover/mzc00200j1115w5/b00431d2vh8.html,
《怎么办！脱口秀专场》,第5期上,"腾讯, 视频, 综艺",2022/7/19,https://v.qq.com/x/cover/mzc00200srqxgln/m0043mq435m.html,
《怎么办！脱口秀专场》,第4期加更下班了编剧部,"腾讯, 视频, 综艺",2022/7/14,https://v.qq.com/x/cover/mzc00200pbx9f7r/g004322twqy.html,
《怎么办！脱口秀专场》,第4期下,"腾讯, 视频, 综艺",2022/7/13,https://v.qq.com/x/cover/mzc002007i5up6e/m0043x9djzs.html,
《怎么办！脱口秀专场》,第4期加更 编剧部的故事,"腾讯, 视频, 综艺",2022/7/12,https://v.qq.com/x/cover/mzc00200jc5o10k/h0043afmlrg.html,
《怎么办！脱口秀专场》,第4期上,"腾讯, 视频, 综艺",2022/7/12,https://v.qq.com/x/cover/mzc0020060ykyyk/z0043mmsq1t.html,
《怎么办！脱口秀专场》,第2期加更,"腾讯, 视频, 综艺",2022/6/30,https://v.qq.com/x/cover/mzc0020093jv74j/i0043rlgd9u.html,
《怎么办！脱口秀专场》,第2期加更,"腾讯, 视频, 综艺",2022/6/29,https://v.qq.com/x/cover/mzc002001md8bz6/n0043yq0vg3.html,
《怎么办！脱口秀专场》,第2期下,"腾讯, 视频, 音乐, 综艺",2022/6/28,https://v.qq.com/x/cover/mzc00200l5ndf25/f0043k68xf1.html,团歌舞台《怎么办嘛》
《怎么办！脱口秀专场》,特别策划2,"腾讯, 视频, 综艺",2022/6/21,https://v.qq.com/x/cover/mzc00200m4asq88/c0043t3akii.html,
《经典咏流传 第五季》,经典冷知识,"央视, 微博, 视频",2022/6/15,https://weibo.com/7211561239/LxQYopueU,
《怎么办！脱口秀专场》,特别策划1,"腾讯, 视频, 综艺",2022/6/15,https://v.qq.com/x/cover/mzc00200nvtj5av/u0043d1kduf.html,
《怎么办！脱口秀专场》,第2期上,"腾讯, 视频, 综艺",2022/6/14,https://v.qq.com/x/cover/mzc002000iakgvq/y0043fpqzjz.html,
《朋友请听好 第2季》,小美好第11期,"芒果, 视频, 综艺",2022/5/9,https://www.mgtv.com/b/388252/16192915.html,
《朋友请听好 第2季》,会员加更篇第10期,"芒果, 视频, 综艺",2022/5/5,https://www.mgtv.com/b/388252/16148772.html,
《朋友请听好 第2季》,第10期,"芒果, 视频, 综艺",2022/5/3,https://www.mgtv.com/b/388252/16136138.html,
《经典咏流传 第五季》,第8期,"央视, 综艺, 视频, 音乐",2022/5/28,https://tv.cctv.com/2022/05/28/VIDE5IMTM7TBH7hqyJXqOqGh220528.shtml?spm=C55953877151.PXXwefeHcOAR.0.0,《夜宿山寺》
《朋友请听好 第2季》,朋友的悄悄话第11期,"芒果, 视频, 综艺",2022/5/20,https://www.mgtv.com/b/388252/16310329.html,
《朋友请听好 第2季》,小美好第10期,"芒果, 视频, 综艺",2022/5/2,https://www.mgtv.com/b/388252/16132268.html,
《朋友请听好 第2季》,会员加更篇第12期,"芒果, 视频, 综艺",2022/5/19,https://www.mgtv.com/b/388252/16310312.html,
《朋友请听好 第2季》,第12期,"芒果, 视频, 综艺",2022/5/17,https://www.mgtv.com/b/388252/16281930.html,
《朋友请听好 第2季》,小美好第12期,"芒果, 视频, 综艺",2022/5/16,https://www.mgtv.com/b/388252/16273730.html,
《朋友请听好 第2季》,朋友的悄悄话第10期,"芒果, 视频, 综艺",2022/5/13,https://www.mgtv.com/b/388252/16238449.html,
《朋友请听好 第2季》,会员加更篇第11期,"芒果, 视频, 综艺",2022/5/12,https://www.mgtv.com/b/388252/16226726.html,
《朋友请听好 第2季》,第11期,"芒果, 视频, 综艺",2022/5/10,https://www.mgtv.com/b/388252/16203514.html,
《朋友请听好 第2季》,朋友的悄悄话第8期,"芒果, 视频, 综艺",2022/4/29,https://www.mgtv.com/b/388252/16104104.html,
《朋友请听好 第2季》,会员加更篇第9期下,"芒果, 视频, 综艺",2022/4/28,https://www.mgtv.com/b/388252/16092631.html,
《朋友请听好 第2季》,第9期下,"芒果, 视频, 综艺",2022/4/26,https://www.mgtv.com/b/388252/16075931.html,
《朋友请听好 第2季》,小美好第9期下,"芒果, 视频, 综艺",2022/4/25,https://www.mgtv.com/b/388252/16070680.html,
《朋友请听好 第2季》,朋友的悄悄话第7期,"芒果, 视频, 综艺",2022/4/22,https://www.mgtv.com/b/388252/16041365.html,
《朋友请听好 第2季》,会员加更篇第9期上,"芒果, 视频, 综艺",2022/4/21,https://www.mgtv.com/b/388252/16030251.html,
《朋友请听好 第2季》,第9期上,"芒果, 视频, 综艺",2022/4/19,https://www.mgtv.com/b/388252/16009571.html,
《朋友请听好 第2季》,小美好第9期上,"芒果, 视频, 综艺",2022/4/18,https://www.mgtv.com/b/388252/16001974.html,
抖音直播,,"微博, 直播, 视频",2022/4/1,https://weibo.com/tv/show/1034:4753436856746082?from=old_pc_videoshow,粉丝录屏
《朋友请听好 第2季》,第6期上,"芒果, 视频, 综艺",2022/3/8,https://www.mgtv.com/b/388252/15665650.html,
《朋友请听好 第2季》,小美好第6期上,"芒果, 视频, 综艺",2022/3/7,https://www.mgtv.com/b/388252/15654769.html,
《朋友请听好 第2季》,会员加更篇第5期,"芒果, 视频, 综艺",2022/3/3,https://www.mgtv.com/b/388252/15634192.html,
【脱口秀不要停】,第10期03【共享生活】,"广播, 音频",2022/3/3,https://c.y.qq.com/base/fcgi-bin/u?__=PsexI63m1Lhe,
《朋友请听好 第2季》,小美好第7期,"芒果, 视频, 综艺",2022/3/28,https://www.mgtv.com/b/388252/15745710.html,
抖音直播,,"B站, 直播, 视频",2022/3/20,https://www.bilibili.com/video/BV1hP4y1u7mN,粉丝录屏
《朋友请听好 第2季》,会员加更篇第6期下,"芒果, 视频, 综艺",2022/3/17,https://www.mgtv.com/b/388252/15721220.html,
《朋友请听好 第2季》,第6期下,"芒果, 视频, 综艺",2022/3/15,https://www.mgtv.com/b/388252/15708442.html,
《朋友请听好 第2季》,小美好第6期下,"芒果, 视频, 综艺",2022/3/14,https://www.mgtv.com/b/388252/15702893.html,
《朋友请听好 第2季》,朋友的悄悄话第3期,"芒果, 视频, 综艺",2022/3/11,https://www.mgtv.com/b/388252/15683962.html,
《朋友请听好 第2季》,会员加更篇第6期上,"芒果, 视频, 综艺",2022/3/10,https://www.mgtv.com/b/388252/15676959.html,
【脱口秀不要停】,第11期03【共享生活】,"广播, 音频",2022/3/10,https://c.y.qq.com/base/fcgi-bin/u?__=ix0qTR3m1wh3,
《朋友请听好 第2季》,第5期,"芒果, 视频, 综艺",2022/3/1,https://www.mgtv.com/b/388252/15618954.html,
《朋友请听好 第2季》,第3期（上）,"芒果, 视频, 综艺",2022/2/8,https://www.mgtv.com/b/388252/15472835.html,
《朋友请听好 第2季》,会员加更篇第2期,"芒果, 视频, 综艺",2022/2/3,https://www.mgtv.com/b/388252/15430165.html,
【新浪娱乐】,《群星年夜饭厨艺大赏》,"微博, 视频, 采访",2022/2/3,https://weibo.com/7738724959/LdLm0uwCh,
《朋友请听好 第2季》,小美好第5期,"芒果, 视频, 综艺",2022/2/28,https://www.mgtv.com/b/388252/15610051.html,
《朋友请听好 第2季》,朋友的悄悄话第1期,"芒果, 视频, 综艺",2022/2/25,https://www.mgtv.com/b/388252/15588612.html,
《朋友请听好 第2季》,会员加更篇第4期,"芒果, 视频, 综艺",2022/2/24,https://www.mgtv.com/b/388252/15579850.html,
《朋友请听好 第2季》,第4期,"芒果, 视频, 综艺",2022/2/22,https://www.mgtv.com/b/388252/15565060.html,
《朋友请听好 第2季》,小美好第4期,"芒果, 视频, 综艺",2022/2/21,https://www.mgtv.com/b/388252/15558626.html,
《朋友请听好 第2季》,第2期,"芒果, 视频, 综艺",2022/2/1,https://www.mgtv.com/b/388252/15440626.html,
【新浪娱乐】,谈音乐脱口秀首登春晚,"微博, 视频, 采访",2022/2/1,https://weibo.com/7738724959/LdsaJ9EYo,
【央视新闻】,龙腾虎跃中国年－王勉大张伟采访,"央视, 微博, 视频, 采访",2022/2/1,https://weibo.com/1730958400/LdmScfVcX?refer_flag=1001030103_,原视频无回放，链接为粉丝CUT
途虎养车 × 王勉 首发打工人《反卷之歌》,,"商务, 微博, 视频, 音乐",2022/11/7,https://weibo.com/tv/show/1034:4833184010141784?from=old_pc_videoshow&mark_id=999_reallog_mark_ad%3A999%7CWeiboADNatural,
《Hi！足球少年》,第3期,"微博, 抖音, 综艺, 视频",2022/11/2,https://v.douyin.com/Mc2F6cG/,官方微博观看：https://video.weibo.com/show?fid=1034:4831450315554842
《Hi！足球少年》,第2期,"微博, 抖音, 综艺, 视频",2022/10/31,https://v.douyin.com/Mc2PYGD/,官方微博观看：https://video.weibo.com/show?fid=1034:4830744133173309
《哈哈哈哈哈 第2季》,第8期下,"爱奇艺, 综艺, 腾讯, 视频",2022/1/9,https://v.qq.com/x/cover/mzc00200xnnnrwr/y0041lwpnl8.html,
《哈哈哈哈哈 第2季》,第8期上,"爱奇艺, 综艺, 腾讯, 视频",2022/1/8,https://v.qq.com/x/cover/mzc00200o7ob86v/h0041cy3wk4.html,
《朋友请听好 第2季》,广播,"广播, 综艺, 音频",2022/1/7,https://weibo.com/u/2234974245?tabtype=newVideo&layerid=4722768740094758,和袁咏仪
《朋友请听好 第2季》,广播小站加更,"广播, 综艺, 音频",2022/1/7,https://weibo.com/tv/show/1034:4722808731926557?from=old_pc_videoshow,和袁咏仪
《朋友请听好 第2季》,广播,"广播, 综艺, 音频",2022/1/6,https://weibo.com/u/2234974245?tabtype=newVideo&layerid=4722768740094758,和袁咏仪
《2022年中央广播电视总台春节联欢晚会》,,"央视, 综艺, 脱口秀, 视频, 音乐",2022/1/31,https://chunwan.cctv.com/2022/dianbo/index.shtml?spm=C88599.PdVPOZObl2NO.EnpM36we3kJ9.1,《快乐气氛组》
《朋友请听好 第2季》,小美好第2期,"芒果, 视频, 综艺",2022/1/31,https://www.mgtv.com/b/388252/15430164.html,
《哈哈哈哈哈 第2季》,第11期下,"爱奇艺, 综艺, 腾讯, 视频",2022/1/30,https://v.qq.com/x/cover/mzc0020089ibsbl/o0041pknuqn.html,
【央视新闻】,大张伟王勉相声式采访,"央视, 微博, 视频, 采访",2022/1/30,https://weibo.com/7211561239/Ld9rIoxJS,
《哈哈哈哈哈 第2季》,第7期加更,"爱奇艺, 综艺, 腾讯, 视频",2022/1/3,https://v.qq.com/x/cover/mzc00200nvtj5sv/p0041ncu5sh.html,
《哈哈哈哈哈 第2季》,第11期上,"爱奇艺, 综艺, 腾讯, 视频",2022/1/29,https://v.qq.com/x/cover/mzc00200anib64z/t0041x2l76o.html,
【精品购物指南】,对对联,"微博, 视频, 采访",2022/1/29,https://weibo.com/1646512101/LcZ2lerXF,李宁运动生活也发过一次：https://weibo.com/5133232345/LcZ2kk7kS
【精品购物指南】,封面花絮vlog #最佳损友喜剧现场#,"微博, 视频, 采访",2022/1/27,https://weibo.com/1646512101/LcFN13mwu,
《哈哈哈哈哈 第2季》,第10期加更,"爱奇艺, 综艺, 腾讯, 视频",2022/1/24,https://v.qq.com/x/cover/mzc00200g7gnw83/n0041qyev94.html,
《哈哈哈哈哈 第2季》,第10期下,"爱奇艺, 综艺, 腾讯, 视频",2022/1/23,https://v.qq.com/x/cover/mzc00200tn73fub/o0041scf118.html,
《哈哈哈哈哈 第2季》,第10期上,"爱奇艺, 综艺, 腾讯, 视频",2022/1/22,https://v.qq.com/x/cover/mzc00200vjv15bb/m00418xjiy0.html,
《哈哈哈哈哈 第2季》,第7期下,"爱奇艺, 综艺, 腾讯, 视频",2022/1/2,https://v.qq.com/x/cover/mzc0020021wfq19/f0041988xm0.html,
《哈哈哈哈哈 第2季》,第9期加更,"爱奇艺, 综艺, 腾讯, 视频",2022/1/17,https://v.qq.com/x/cover/mzc00200cug644u/d0041i0wysh.html,
《哈哈哈哈哈 第2季》,第9期下,"爱奇艺, 综艺, 腾讯, 视频",2022/1/16,https://v.qq.com/x/cover/mzc00200h7h5bjz/z00418que7p.html,
《哈哈哈哈哈 第2季》,第9期上,"爱奇艺, 综艺, 腾讯, 视频",2022/1/15,https://v.qq.com/x/cover/mzc00200lvl9zrn/e0041pkopm2.html,
《哈哈哈哈哈 第2季》,第8期加更,"爱奇艺, 综艺, 腾讯, 视频",2022/1/10,https://v.qq.com/x/cover/mzc00200lidw7jq/q0041uhshdg.html,
《哈哈哈哈哈 第2季》,第7期上,"爱奇艺, 综艺, 腾讯, 视频",2022/1/1,https://v.qq.com/x/cover/mzc00200gvg3wqj/q0041ys07j5.html,
《脱口秀大会 第4季》,第5期下,"综艺, 腾讯, 视频",2021/9/8,https://v.qq.com/x/cover/mzc00200w2i0nw5/r0040dqugih.html,
《脱口秀大会 第4季》,第5期上,"综艺, 腾讯, 视频",2021/9/7,https://v.qq.com/x/cover/mzc00200qxexlv4/h0040v948dj.html,
《夏日少年派》,第7期,"综艺, 芒果, 视频",2021/9/3,https://www.mgtv.com/b/377996/13938736.html,
《饿人出没请注意》,第6期,"综艺, 腾讯, 视频",2021/9/29,https://v.qq.com/x/cover/mzc00200gmisjyt.html?vid=n004089w17q,
【笑果公众号】,勉爸王光瑞老师主编手记 第4篇,"文字, 采访",2021/9/25,https://mp.weixin.qq.com/s/mA0Z04Xt0fxQgM7gcZPv9w,
《夏日少年派》,第10期,"综艺, 芒果, 视频",2021/9/24,https://www.mgtv.com/b/377996/14232386.html,
《脱口秀大会 第4季》,第7期加更,"综艺, 腾讯, 视频",2021/9/23,https://v.qq.com/x/cover/mzc00200gqwun3l/c0040p6iek0.html,
【娱乐日爆社】王勉谈拿下脱口秀大王的一年后,,"微博, 视频, 采访",2021/9/23,https://weibo.com/1642591402/KztNfCxzg,娱理采访的视频版
【娱理】王勉退赛后，我们和他聊了聊“脱口秀大王”意味着什么,,"文字, 采访",2021/9/23,https://mp.weixin.qq.com/s/s0oFSsRHIb1QafvwF67PPw,
《脱口秀大会 第4季》,第7期下,"综艺, 脱口秀, 腾讯, 视频, 音乐",2021/9/22,https://v.qq.com/x/cover/mzc00200v7fxsaa/q0040x5pi6x.html,《吐槽男子气概之歌》
《脱口秀大会 第4季》,第7期上,"综艺, 腾讯, 视频",2021/9/21,https://v.qq.com/x/cover/mzc00200c9ibruk/c0040k0zdut.html,
【B站】中国BOY视频,随机挑战之社交牛逼症版！竟然能请到他？！,"B站, VLOG, 视频",2021/9/19,https://www.bilibili.com/video/BV1hv41137iA?spm_id_from=333.999.0.0,和中国BOY、啊吗粽
《夏日少年派》,第9期,"综艺, 芒果, 视频",2021/9/17,https://www.mgtv.com/b/377996/14154516.html,
【笑果公众号】,勉爸王光瑞老师主编手记 第3篇,"文字, 采访",2021/9/17,https://mp.weixin.qq.com/s/XQ_n0oObXnUgbzMcHrAnJA,
《脱口秀大会 第4季》,第6期下,"综艺, 腾讯, 视频",2021/9/15,https://v.qq.com/x/cover/mzc00200i1kbd24/n0040b5eqtv.html,
《脱口秀大会 第4季》,第6期上,"综艺, 腾讯, 视频",2021/9/14,https://v.qq.com/x/cover/mzc00200bj7d4ia/s0040en6pis.html,
【笑果公众号】,勉爸王光瑞老师主编手记 第2篇,"文字, 采访",2021/9/11,https://mp.weixin.qq.com/s/f773G3DesnzUVS-C_cR35g,
《夏日少年派》,第8期,"综艺, 芒果, 视频",2021/9/10,https://www.mgtv.com/b/377996/14054888.html,
《脱口秀大会 第4季》,第4期下,"综艺, 腾讯, 视频",2021/9/1,https://v.qq.com/x/cover/mzc00200saukj49/o0040nvmaoq.html,
【笑果公众号】,勉爸王光瑞老师主编手记 第1篇,"文字, 采访",2021/9/1,https://mp.weixin.qq.com/s/MUQ_MYBapI-_3qLhBquVGw,
《夏日少年派》,第3期,"综艺, 芒果, 视频",2021/8/6,https://www.mgtv.com/b/377996/12959583.html,
《脱口秀大会 第4季》,第4期上,"综艺, 腾讯, 视频",2021/8/31,https://v.qq.com/x/cover/mzc002009tjde18/z0040g5ldm5.html,
《夏日少年派》,第6期,"综艺, 芒果, 视频",2021/8/27,https://www.mgtv.com/b/377996/13841199.html,
《脱口秀大会 第4季》,第3期加更,"综艺, 腾讯, 视频",2021/8/26,https://v.qq.com/x/cover/mzc00200r1th4bs/p00406bydm4.html,
《脱口秀大会 第4季》,第3期下,"综艺, 脱口秀, 腾讯, 视频, 音乐",2021/8/25,https://v.qq.com/x/cover/mzc00200vnbpwoa/r0040ncq8p8.html,《讽刺攀比之歌》
《脱口秀大会 第4季》,第3期上,"综艺, 腾讯, 视频",2021/8/24,https://v.qq.com/x/cover/mzc00200bz358wa/g00404krj83.html,
《我在他乡挺好的》,番外上下和彩蛋1、6,"影视, 芒果, 视频",2021/8/24,https://www.mgtv.com/b/362723/13270825.html?fpa=se&lastp=so_result,
《夏日少年派》,第5期,"综艺, 芒果, 视频",2021/8/20,https://www.mgtv.com/b/377996/13404486.html,
《脱口秀大会 第4季》,第2期加更,"综艺, 腾讯, 视频",2021/8/19,https://v.qq.com/x/cover/mzc002006ka0t7j/t0040glfjft.html,
《脱口秀大会 第4季》,第2期下,"综艺, 腾讯, 视频",2021/8/18,https://v.qq.com/x/cover/mzc00200024ubd1/r0040u1fnmk.html,
《脱口秀大会 第4季》,第2期上,"综艺, 腾讯, 视频",2021/8/17,https://v.qq.com/x/cover/mzc00200m3mrlzq/b004013uja2.html,
《夏日少年派》,第4期,"综艺, 芒果, 视频",2021/8/13,https://www.mgtv.com/b/377996/13183465.html,
《脱口秀大会 第4季》,第1期下,"综艺, 腾讯, 视频",2021/8/11,https://v.qq.com/x/cover/mzc00200bbflwq2/f0040tu4p44.html,
《脱口秀大会 第4季》,第1期上,"综艺, 腾讯, 视频",2021/8/10,https://v.qq.com/x/cover/mzc00200x6l0iix/h00400felnv.html,
《脱口秀大会 第4季》,集结先导片,"综艺, 腾讯, 视频",2021/8/10,https://v.qq.com/x/cover/mzc00200oii03ol/a0040ugh0ip.html,
《当燃是少年 第2季》,第8期,"综艺, 腾讯, 视频",2021/7/8,https://v.qq.com/x/cover/mzc002008tcxnt8/c0039ntjrq1.html,
《当燃是少年 第2季》,第7期,"综艺, 腾讯, 视频",2021/7/3,https://v.qq.com/x/cover/mzc00200glstrzs/b00394f76zb.html,
《向往的生活 第五季》,会员Plus版第11期,"综艺, 芒果, 视频",2021/7/3,https://www.mgtv.com/b/364464/12472162.html,
《我在他乡挺好的》,第3集,"影视, 芒果, 视频",2021/7/26,https://www.mgtv.com/b/362723/12666492.html,
《夏日少年派》,第1期,"综艺, 芒果, 视频",2021/7/23,https://www.mgtv.com/b/377996/12730460.html?lastp=v_progdtl,
《做家务的男人 第3季》,第7期上,"爱奇艺, 综艺, 视频, 音乐",2021/7/23,https://www.iqiyi.com/v_29m6njs0fco.html?vfm=m_332_bing&fv=8c0aeeff542d8c03,有即兴创作歌曲
《向往的生活 第五季》,第11期,"综艺, 芒果, 视频",2021/7/2,https://www.mgtv.com/b/364464/12470157.html,
《当燃是少年 第2季》,节目声明,"微博, 文字, 综艺",2021/7/16,https://weibo.com/7496401906/KoZksbh9C,未能播出的4期节目
《当燃是少年 第2季》,第9期,"综艺, 腾讯, 视频",2021/7/15,https://v.qq.com/x/cover/mzc00200ovet72m/d00398kw452.html,
《当燃是少年 第2季》,第4期,"综艺, 腾讯, 视频",2021/6/3,https://v.qq.com/x/cover/mzc00200u4g20pm/y003741j5cb.html,
《向往的生活 第五季》,慢直播第8期,"综艺, 芒果, 视频",2021/6/27,https://www.mgtv.com/b/364464/12385281.html?lastp=v_progdtl,
《向往的生活 第五季》,会员Plus版第10期,"综艺, 芒果, 视频",2021/6/26,https://www.mgtv.com/b/364464/12374334.html,
《向往的生活 第五季》,第10期,"综艺, 芒果, 视频",2021/6/25,https://www.mgtv.com/b/364464/12378692.html?lastp=v_progdtl,
《当燃是少年 第2季》,冲浪圈先导片,"综艺, 腾讯, 视频",2021/6/24,https://v.qq.com/x/cover/mzc0020086wu3d1/y003964cmc5.html,
2021届【脱口秀专业】毕业晚会,,"B站, 商务, 直播, 视频, 音乐",2021/6/21,https://www.bilibili.com/video/BV1Cg411g7rY/?spm_id_from=333.788.recommend_more_video.15,
《脱口秀大会 第4季》,王勉x颜怡颜悦三胞胎直播全记录,"直播, 腾讯, 视频",2021/6/2,https://v.qq.com/x/cover/mzc00200jip2oz1/s0040qgixby.html,
《当燃是少年 第2季》,第6期,"综艺, 腾讯, 视频",2021/6/17,https://v.qq.com/x/cover/mzc00200un67s6t/l0039abkwh6.html,
《当燃是少年 第2季》,第5期,"综艺, 腾讯, 视频",2021/6/10,https://v.qq.com/x/cover/mzc00200jmha3ow/o003827rgem.html,
《当燃是少年 第2季》,第1期,"综艺, 腾讯, 视频",2021/5/6,https://v.qq.com/x/cover/mzc00200qt2h4gj/r0036q42v9w.html,
《别让你女朋友给我打电话》,,"音乐, 音频",2021/5/30,https://c.y.qq.com/base/fcgi-bin/u?__=5EKNEXz,与弹壳合唱RAP
《当燃是少年 第2季》,街球圈先导片,"综艺, 腾讯, 视频",2021/5/27,https://v.qq.com/x/cover/mzc002006x2t8ez/e0036u9nukt.html,
《当燃是少年 第2季》,第3期,"综艺, 腾讯, 视频",2021/5/20,https://v.qq.com/x/cover/mzc002008dif6n3/k0036rkrfpr.html,
《当燃是少年 第2季》,第2期,"综艺, 腾讯, 视频",2021/5/13,https://v.qq.com/x/cover/mzc00200vpnbrxf/b0036dhfsvr.html,
百度百科《秒懂本尊答》,,"文字, 视频, 采访",2021/5/13,https://baike.baidu.com/item/%E7%8E%8B%E5%8B%89/53299580,百科首页，有7段采访小视频
《让生活好看 第2季》,第2期,"综艺, 腾讯, 视频",2021/5/12,https://v.qq.com/x/cover/mzc00200ix2lk83/j0036w0a426.html?vid=z0038k9i1dk,注意还有一些花絮
《吐槽吐槽大会 第5季》,收官,"综艺, 腾讯, 视频",2021/4/6,https://v.qq.com/x/cover/mzc00200lp1fx1b/u00366panf6.html,
《吐槽大会 第5季》,第10期,"综艺, 脱口秀, 腾讯, 视频, 音乐",2021/4/5,https://v.qq.com/x/cover/mzc00200k7u56th/f0036o8dc02.html,和大张伟，双人音乐脱口秀
《吐槽大会 第5季》,收官彩蛋大放送,"综艺, 脱口秀, 腾讯, 视频",2021/4/5,https://v.qq.com/x/cover/mzc00200k7u56th/i0036n6soqn.html,实际是体育专场下半场残存片段
《吐槽大会 第5季》,第9期,"综艺, 腾讯, 视频",2021/4/4,https://v.qq.com/x/cover/mzc00200fd7r31n/u00367fmkhz.html,
《当燃是少年 第2季》,国风圈先导片,"综艺, 腾讯, 视频",2021/4/29,https://v.qq.com/x/cover/mzc00200xd1b9vj/g0036tu8971.html,
【笑果】某某与我（王勉篇）,,"文字, 视频, 采访",2021/4/19,https://mp.weixin.qq.com/s/-wEc-dC8yg6ascv050AUFw,B站也有视频：https://www.bilibili.com/video/BV1MK411c75p?spm_id_from=333.999.0.0
《吐槽大会 第5季》,第6期,"综艺, 腾讯, 视频",2021/3/7,https://v.qq.com/x/cover/mzc00200941il72/g0036kn888t.html,
《吐槽大会 第5季》,第8期,"综艺, 腾讯, 视频",2021/3/28,https://v.qq.com/x/cover/mzc00200s6u0q1w/y0036pb38wz.html,
《吐槽大会 第5季》,第7期,"综艺, 腾讯, 视频",2021/3/14,https://v.qq.com/x/cover/mzc00200dndh155/h0036vuybwm.html,
《百变大咖秀》,第7期,"综艺, 芒果, 视频",2021/3/12,https://www.mgtv.com/b/350683/11336737.html,
《百变大咖秀》,牛模王第7期,"综艺, 芒果, 视频",2021/3/12,https://www.mgtv.com/b/350683/11335654.html?fpa=se&lastp=so_result,
《吐槽大会 第5季》,来聊天呀,"直播, 腾讯, 视频",2021/3/10,https://v.qq.com/x/cover/mzc002004i68qps/q3232axsway.html,
《吐槽吐槽大会 第5季》,第5期,"综艺, 腾讯, 视频",2021/3/1,https://v.qq.com/x/cover/mzc00200s8amahm/h0036pauwbw.html,
《吐槽吐槽大会 第5季》,第2期,"综艺, 腾讯, 视频",2021/2/8,https://v.qq.com/x/cover/mzc002007mh6rug/f00353ezu4i.html,
《吐槽大会 第5季》,第2期,"综艺, 脱口秀, 腾讯, 视频",2021/2/7,https://v.qq.com/x/cover/mzc00200jejkjzk/n00357o8cwr.html,不拿吉他脱口秀
《吐槽大会 第5季》,第5期,"综艺, 脱口秀, 腾讯, 视频, 音乐",2021/2/28,https://v.qq.com/x/cover/mzc00200olklqer/n00360nugah.html,和大张伟，双人音乐脱口秀
《吐槽大会 第5季》,第4期,"综艺, 腾讯, 视频",2021/2/21,https://v.qq.com/x/cover/mzc00200gpefurv/t0036ryzoyb.html,
老板电器直播间,,"商务, 直播, 视频",2021/2/21,https://weibo.com/3182148054/K3RnRbHLV,粉丝录屏
快手小年夜耐撕大会,,"商务, 微博, 快手, 直播, 视频",2021/2/2,https://m.weibo.cn/detail/4600254681057930,链接为粉丝录屏，完整版复制 ##X-3jIi1wxPKyV27D##，打开快手，查看直播精彩回放
和程璐B站直播连麦,,"B站, 直播, 视频",2021/2/17,https://www.bilibili.com/video/BV1Yz4y1U77G/?spm_id_from=333.788.recommend_more_video.-1,粉丝录屏完整版
《吐槽大会 第5季》,第3期,"综艺, 腾讯, 视频",2021/2/14,https://v.qq.com/x/cover/mzc00200v5d5jeb/n00353k22ze.html,
《哈哈哈哈哈 第2季》,第3期加更,"爱奇艺, 综艺, 腾讯, 视频",2021/12/6,https://v.qq.com/x/cover/mzc00200kfcrsq7/k0041i941x2.html,
《哈哈哈哈哈 第2季》,第3期下,"爱奇艺, 综艺, 腾讯, 视频",2021/12/5,https://v.qq.com/x/cover/mzc00200p8l2rd8/x0041f7ll58.html,
《哈哈哈哈哈 第2季》,第3期上,"爱奇艺, 综艺, 腾讯, 视频",2021/12/4,https://v.qq.com/x/cover/mzc002003hnfxbp/l0041lmc955.html,
【脱口秀不要停】,第2期01【诞说无妨】,"广播, 音频",2021/12/29,https://c.y.qq.com/base/fcgi-bin/u?__=we9rEME64XUI,
《脱口秀跨年》,2021,"综艺, 脱口秀, 腾讯, 视频, 音乐",2021/12/25,https://v.qq.com/x/cover/mzc00200u9y1m4p/m0041r6dmcx.html,收尾曲，与彩虹合唱团
【脱口秀不要停】,第1期02【无边界讨论】,"广播, 音频",2021/12/22,https://c.y.qq.com/base/fcgi-bin/u?__=VyoSuUzz4xIh,
《朋友请听好 第2季》,广播,"广播, 综艺, 音频",2021/12/16,https://weibo.com/u/2234974245?tabtype=newVideo&layerid=4715022369161420,职场PUA
《朋友请听好 第2季》,中午加更,"广播, 综艺, 音频",2021/12/16,https://weibo.com/u/2234974245?tabtype=newVideo&layerid=4715022369161420,第一次上播
《导演请指教》,第6期加更,"腾讯, 视频, 综艺",2021/12/12,https://v.qq.com/x/cover/mzc002006a00ere/q00419dzzxx.html,
《导演请指教》,第6期下,"腾讯, 视频, 综艺",2021/12/11,https://v.qq.com/x/cover/mzc00200jh9px4d/k0041wxpwfu.html,
《Phone狂制噪吧》,第四期,"综艺, 腾讯, 视频",2021/11/5,https://v.qq.com/x/cover/mzc002009ofciff/u00414nc8ea.html,
《哈哈哈哈哈 第2季》,第2期加更,"爱奇艺, 综艺, 腾讯, 视频",2021/11/29,https://v.qq.com/x/cover/mzc00200q90natx/q0041txrnwk.html,
《哈哈哈哈哈 第2季》,第2期下,"爱奇艺, 综艺, 腾讯, 视频",2021/11/28,https://v.qq.com/x/cover/mzc00200h593q8k/g004152eanl.html,
《哈哈哈哈哈 第2季》,第2期上,"爱奇艺, 综艺, 腾讯, 视频",2021/11/27,https://v.qq.com/x/cover/mzc00200gi4efbp.html,
《拿来吧！小芒》,20211007期,"综艺, 芒果, 视频",2021/10/7,https://www.mgtv.com/b/382571/14324310.html,
《脱口秀大会 第4季》,第9期下,"综艺, 脱口秀, 腾讯, 视频, 音乐",2021/10/6,https://v.qq.com/x/cover/mzc00200uha9hdg/x00403vdg93.html,和颜怡颜悦，《那些女生说不出口的话》
《拿来吧！小芒》,20211005期,"综艺, 芒果, 视频",2021/10/5,https://www.mgtv.com/b/382571/14324308.html,
《拿来吧！小芒》,20211004期,"综艺, 芒果, 视频",2021/10/4,https://www.mgtv.com/b/382571/14324307.html,
《拿来吧！小芒》,20211003期,"综艺, 芒果, 视频",2021/10/3,https://www.mgtv.com/b/382571/14324306.html?lastp=v_progdtl,
抖音直播,,"B站, 直播, 视频",2021/10/19,https://www.bilibili.com/video/BV1Ju411f7Fh/?spm_id_from=333.788.recommend_more_video.1,粉丝录屏
《脱口秀大会 第4季》,第10期下,"综艺, 脱口秀, 腾讯, 视频, 音乐",2021/10/13,https://v.qq.com/x/cover/mzc00200yr4hx2a/c00405bxhrx.html,和大张伟，中场秀
【凤凰网】,非常道特别策划【王勉：喜剧孩子王】,"微博, 视频, 采访",2021/10/13,https://weibo.com/1900552512/KCxT5kKPj?refer_flag=1001030103_,
《脱口秀大会 第4季》,第10期上,"综艺, 腾讯, 视频",2021/10/12,https://v.qq.com/x/cover/mzc00200kdyfv0c/h0040baumqn.html,开场秀
《哈哈哈哈哈 第1季》,第9期,"爱奇艺, 综艺, 脱口秀, 腾讯, 视频, 音乐",2021/1/8,https://v.qq.com/x/cover/mzc00200hbhxpv5/d0035twhrog.html,
《五哈和他们的朋友》,第9期,"爱奇艺, 综艺, 腾讯, 视频",2021/1/8,https://v.qq.com/x/cover/mzc00200h6ji564/s0035v99cx1.html,
《吐槽大会 第5季》,第1期,"综艺, 腾讯, 视频",2021/1/31,https://v.qq.com/x/cover/mzc002005htn1vv/e0035xy42do.html,
《哈哈哈哈哈 第1季》,第12期,"爱奇艺, 综艺, 脱口秀, 腾讯, 视频, 音乐",2021/1/29,https://v.qq.com/x/cover/mzc00200cagiiyk/x0035jm8pug.html,火车情缘
《五哈和他们的朋友》,第12期,"爱奇艺, 综艺, 腾讯, 视频",2021/1/29,https://v.qq.com/x/cover/mzc00200omguua8/l0035hy0emg.html,
《有人思念就是牛》,,"B站, 商务, 视频, 音乐",2021/1/29,https://www.bilibili.com/video/BV1eo4y1d7Fn?spm_id_from=333.999.0.0,作词，一人分饰三角
《哈哈哈哈哈 第1季》,第11期,"爱奇艺, 综艺, 脱口秀, 腾讯, 视频, 音乐",2021/1/22,https://v.qq.com/x/cover/mzc00200qs6w0kq/o0035kopylb.html,《金城兰州》
《五哈和他们的朋友》,第11期,"爱奇艺, 综艺, 腾讯, 视频",2021/1/22,https://v.qq.com/x/cover/mzc002009v1xlph/q003589wrqj.html,
《哈哈哈哈哈 第1季》,第10期,"爱奇艺, 综艺, 脱口秀, 腾讯, 视频, 音乐",2021/1/15,https://v.qq.com/x/cover/mzc0020018dipbu/d0035ka5c02.html,
《五哈和他们的朋友》,第10期,"爱奇艺, 综艺, 腾讯, 视频",2021/1/15,https://v.qq.com/x/cover/mzc002004sqi69y/l00351rvqnd.html,
《哈哈哈哈哈 第1季》,第8期,"爱奇艺, 综艺, 脱口秀, 腾讯, 视频, 音乐",2021/1/1,https://v.qq.com/x/cover/mzc00200kz8zay1/r0035pjneom.html,
《五哈和他们的朋友》,第8期,"爱奇艺, 综艺, 腾讯, 视频",2021/1/1,https://v.qq.com/x/cover/mzc00200wy686h8/s00358qtvz0.html,
【笑果】王勉：我是坐在观众席里的 ｜ 从段子到段子,,"文字, 采访",2020/9/8,https://mp.weixin.qq.com/s/iOSf9VOBi5xmKcr1MdZ4Xw,
天猫超市直播全程,,"B站, 商务, 直播, 脱口秀, 音乐",2020/9/7,https://www.bilibili.com/video/BV1Kp4y1Y7gw/?spm_id_from=333.788.recommend_more_video.17,粉丝录屏
《怎么办安安》,幕后制作花絮,"B站, VLOG, 视频, 采访",2020/9/4,https://www.bilibili.com/video/BV1ik4y127Zu,
《咸鱼》（电影一点就到家宣传）,,"商务, 微博, 视频, 音乐",2020/9/30,https://m.weibo.cn/detail/4554795187179593,
《脱口秀小会》,第7期,"综艺, 腾讯, 视频",2020/9/3,https://v.qq.com/x/cover/mzc0020062uagow/v0034p3myq0.html,
《怎么办安安》,一镜到底MV,"B站, 视频, 音乐",2020/9/3,https://www.bilibili.com/video/BV1Np4y1e7yD?spm_id_from=333.999.0.0,
一首歌回应夺冠质疑,,"B站, 商务, 直播, 脱口秀, 视频, 音乐",2020/9/27,https://www.bilibili.com/video/BV1CD4y1o7TW?p=1&share_medium=android&share_plat=android&share_source=COPY&share_tag=s_i×tamp=1611551188&unique_k=v3NCrK,粉丝录屏
《脱口秀小会》,第10期,"综艺, 腾讯, 视频",2020/9/24,https://v.qq.com/x/cover/mzc00200m8msswy/w0034yb7wdn.html,
【凤凰】独家｜脱口秀冠军王勉：为写段子剃头，对男权女权没概念,,"文字, 采访",2020/9/24,https://mp.weixin.qq.com/s/NSayO0qrlJeFntPeILdg8Q,
【界面】《脱口秀大会3》冠军王勉：我打不过自己也有错吗,,"文字, 采访",2020/9/24,https://mp.weixin.qq.com/s/xdAS1ByYG2LTf06IdhUQ6Q,
【WankerStudio】,《让全皋兰路都知道 冠军是谁》,"VLOG, 微博, 视频",2020/9/24,https://weibo.com/7275187135/Jm8l4FriN,虽然没出镜
《脱口秀大会 第3季》,第10期,"综艺, 脱口秀, 腾讯, 视频, 音乐",2020/9/23,https://v.qq.com/x/cover/mzc0020026ss8r8/x0034hxucmw.html,总决赛，两首歌+收尾曲
【北方公园】王勉 普通人,,"文字, 采访",2020/9/23,https://mp.weixin.qq.com/s/LLdZ-sWpvJ9VtlduNoBWVg,深度采访，强烈推荐
《脱口秀大会 第3季》,第7期,"综艺, 脱口秀, 腾讯, 视频, 音乐",2020/9/2,https://v.qq.com/x/cover/mzc002007ejs7ng/m00340axepw.html,《逃避之歌》
《脱口秀小会》,第9期,"综艺, 腾讯, 视频",2020/9/17,https://v.qq.com/x/cover/mzc002009vvb9ap/w0034dptu5x.html,
《脱口秀大会 第3季》,第9期,"综艺, 脱口秀, 腾讯, 视频, 音乐",2020/9/16,https://v.qq.com/x/cover/mzc00200fapy3ac/u00342tpk16.html,理发店之歌
【车间访谈】Vol. 022「脱口秀大会3特辑2」,,"采访, 音频",2020/9/1,https://c.y.qq.com/base/fcgi-bin/u?__=IphxrxUkfkTK,
天猫88vip盛典片尾曲（原创）,,"B站, 商务, 脱口秀, 视频, 音乐",2020/8/8,https://www.bilibili.com/video/BV1dr4y1N7L6,是粉丝CUT，日期是B站最早同类视频
天猫v榜直播间,,"B站, 商务, 直播, 脱口秀, 视频",2020/8/7,https://www.bilibili.com/video/BV1ca4y177P5/?spm_id_from=333.788.recommend_more_video.-1,粉丝录屏
《脱口秀小会》,第5期,"综艺, 腾讯, 视频",2020/8/20,https://v.qq.com/x/cover/mzc00200urwhkn5/p0034ig36ev.html,
【轻松调频EZFM】哪有粉丝，全是老铁！,,"文字, 视频, 采访, 音乐",2020/8/20,https://mp.weixin.qq.com/s/9Z6Z70NFz4e6ufGlszByqA,
《脱口秀大会 第3季》,第5期,"综艺, 脱口秀, 腾讯, 视频, 音乐",2020/8/19,https://v.qq.com/x/cover/mzc00200s84cyk6/u0034x319mw.html,《社恐之歌》
【WankerStudio】,《没忘记（没想到还会有做两万粉福利的一天）》,"VLOG, 微博, 视频",2020/8/1,https://weibo.com/7275187135/JdWbvdcQl,
【WankerStudio】,《考完别睡就对了（对，是万粉福利）》,"VLOG, 微博, 视频",2020/7/9,https://weibo.com/7275187135/JajRzhrp0,
【WankerStudio】,《千粉福利》,"VLOG, 微博, 视频",2020/7/4,https://weibo.com/7275187135/J9B2Alk0j,
《脱口秀小会》,第2期,"综艺, 腾讯, 视频",2020/7/30,https://v.qq.com/x/cover/mzc00200bybseyv/c00345wykex.html,
《脱口秀大会 第3季》,第2期（上）,"综艺, 脱口秀, 腾讯, 视频, 音乐",2020/7/29,https://v.qq.com/x/cover/mzc002009hbt05i/p0034vemwhe.html,《饭圈女孩之歌》（原名：我爱的女孩）
【笑果工会】我倒要看看,Vol.07（下）,"B站, VLOG, 视频",2020/6/17,https://www.bilibili.com/video/BV1Rk4y1z7Fg,
【笑果工会】我倒要看看,Vol.07（上）,"B站, VLOG, 视频",2020/6/11,https://www.bilibili.com/video/BV1Kg4y1q7kx,
【WankerStudio】,《Wanker欢迎你（下）》,"VLOG, 微博, 视频",2020/5/29,https://weibo.com/7275187135/J4c8apZD3,
《一片落叶》,,"B站, VLOG, 视频, 音乐",2020/3/4,https://www.bilibili.com/video/BV1rE41147RS,自作曲，超深情，不听后悔
【21世纪经济报道】疫情突袭脱口秀：喜剧人的“土豆”革命,,"文字, 采访",2020/3/28,https://app.bjtitle.com/8816/newshow.php?newsid=5583718&typeid=13&uid=0&did=&mood=,
【笑果工会】我倒要看看,今天看看王勉在干嘛,"B站, VLOG, 视频",2020/2/24,https://www.bilibili.com/video/BV1R7411M7xb,
和CY直播,,"B站, 直播, 视频",2020/2/24,https://www.bilibili.com/video/BV1U54y1y7MJ?p=1&share_medium=android&share_plat=android&share_session_id=6136f67e-a5f4-4d24-a5ca-81f3d9fbf288&share_source=COPY&share_tag=s_i×tamp=1632548165&unique_k=6ADdZ3,粉丝录屏
《用歌放毒，最近真的太馋了。希望一切顺利，饭店早日开门。》,,"B站, VLOG, 脱口秀, 视频, 音乐",2020/2/22,https://www.bilibili.com/video/BV1r7411F7yX,
《吐槽大会 第4季》,第10期,"综艺, 脱口秀, 腾讯, 视频, 音乐",2020/2/1,https://v.qq.com/x/cover/mzc00200vh9pu7a/u00330b7p5a.html,正片已剪掉，链接为花絮
《哈哈哈哈哈 第1季》,第4期,"爱奇艺, 综艺, 脱口秀, 腾讯, 视频, 音乐",2020/12/4,https://v.qq.com/x/cover/mzc00200tcj8h06/v003532lowu.html,
《五哈和他们的朋友》,第4期,"爱奇艺, 综艺, 腾讯, 视频",2020/12/4,https://v.qq.com/x/cover/mzc002008e82y4s/o0035yefb4f.html,
《哈哈哈哈哈 第1季》,第7期,"爱奇艺, 综艺, 脱口秀, 腾讯, 视频, 音乐",2020/12/25,https://v.qq.com/x/cover/mzc002006t6l40j/s00352xk06w.html,
《脱口秀跨年》,2020,"综艺, 脱口秀, 腾讯, 视频, 音乐",2020/12/25,https://v.qq.com/x/cover/mzc00200wuac234.html,开场表演
《五哈和他们的朋友》,第7期,"爱奇艺, 综艺, 腾讯, 视频",2020/12/25,https://v.qq.com/x/cover/mzc002007szarl2/t0035qg9gsj.html,
新年特辑：滚蛋吧2020转运吧2021,,"B站, VLOG, 视频",2020/12/24,https://www.bilibili.com/video/BV1qK4y1V72T?spm_id_from=333.999.0.0,
《哈哈哈哈哈 第1季》,第6期,"爱奇艺, 综艺, 脱口秀, 腾讯, 视频, 音乐",2020/12/18,https://v.qq.com/x/cover/mzc00200ibc5srl/n0035xx89ka.html,
《五哈和他们的朋友》,第6期,"爱奇艺, 综艺, 腾讯, 视频",2020/12/18,https://v.qq.com/x/cover/mzc00200wg0guka/a0035t0x7gq.html,
《哈哈哈哈哈 第1季》,第5期,"爱奇艺, 综艺, 脱口秀, 腾讯, 视频, 音乐",2020/12/11,https://v.qq.com/x/cover/mzc00200s30z2g1/b0035szfsoo.html,
《五哈和他们的朋友》,第5期,"爱奇艺, 综艺, 腾讯, 视频",2020/12/11,https://v.qq.com/x/cover/mzc00200uk0yg9e/k00351abz7w.html,
《哈哈哈哈哈 第1季》,先导片,"爱奇艺, 综艺, 脱口秀, 腾讯, 视频, 音乐",2020/11/6,https://v.qq.com/x/cover/mzc002003nfdjxh/n0034wfuedw.html,五哈均为双平台，链接是腾讯的，两个平台剪辑略有不同
《哈哈哈哈哈 第1季》,第3期,"爱奇艺, 综艺, 脱口秀, 腾讯, 视频, 音乐",2020/11/27,https://v.qq.com/x/cover/mzc002001k74dwa/k0035ksqpxt.html,
《五哈和他们的朋友》,第3期,"爱奇艺, 综艺, 腾讯, 视频",2020/11/27,https://v.qq.com/x/cover/mzc00200l59fp9v/f0035euhf9y.html,
《哈哈哈哈哈 第1季》,第2期,"爱奇艺, 综艺, 脱口秀, 腾讯, 视频, 音乐",2020/11/20,https://v.qq.com/x/cover/mzc00200i8o2g3u/p0035kp8wwb.html,
《五哈和他们的朋友》,第2期,"爱奇艺, 综艺, 腾讯, 视频",2020/11/20,https://v.qq.com/x/cover/mzc00200tlvp5uz/s0035l49hf2.html,
【ELLEMEN电影英雄盛典】开场秀,,"商务, 微博, 脱口秀, 视频",2020/11/17,https://m.weibo.cn/detail/4572369094705494,粉丝录屏
《哈哈哈哈哈 第1季》,第1期,"爱奇艺, 综艺, 脱口秀, 腾讯, 视频, 音乐",2020/11/13,https://v.qq.com/x/cover/mzc00200cggsigu/s0035hwdt88.html,
《五哈和他们的朋友》,第1期,"爱奇艺, 综艺, 腾讯, 视频",2020/11/13,https://v.qq.com/x/cover/mzc002008j076ed/e0034ocm8tt.html,会员加更内容
【新华网】王勉：没有作品产出，我会慌的,,"央视, 文字, 视频, 采访",2020/11/10,http://www.xinhuanet.com/ent/2020-11/10/c_1126720770.htm,
青春进博GO,,"B站, VLOG, 视频",2020/11/10,https://www.bilibili.com/video/BV1uy4y1k77r,进博会大使
天猫双11狂欢夜 2020,,"优酷, 商务, 视频",2020/11/10,https://v.youku.com/v_show/id_XNDkwODQ4NjgzMg==.html?spm=a2h0c.8166622.PhoneSokuProgramSeries_14.dposter_3&s=bcbff3cccede4a0abc0c,
百草味《人间百味铺》,,"商务, 微博, 视频",2020/11/1,https://weibo.com/1933032311/Jsmzb9fhc,
腾讯理财养老节,,"B站, 商务, 直播, 脱口秀, 视频",2020/10/22,https://www.bilibili.com/video/BV1CK4y177TG?p=1&share_medium=android&share_plat=android&share_source=COPY&share_tag=s_i×tamp=1611551137&unique_k=6GzCzQ,粉丝录屏
《第一条露脸自拍，献给欢天喜地好哥们！》,,"B站, VLOG, 视频, 音乐",2020/10/16,https://www.bilibili.com/video/BV14K411A7qp,
【哈哈哈哈哈】20201015重庆交通广播直播录屏,,"B站, 直播, 音频",2020/10/15,https://www.bilibili.com/video/BV1VK411A7VK,
《吐槽大会 第4季》,第6期,"B站, 综艺, 脱口秀, 腾讯, 视频, 音乐",2020/1/4,https://www.bilibili.com/video/BV1oJ411L7tM?spm_id_from=333.999.0.0,正片花絮都没了，链接为B站
《吐槽大会 第4季》,第9期,"综艺, 脱口秀, 腾讯, 视频, 音乐",2020/1/25,https://v.qq.com/x/cover/mzc00200vsjm2q5/f0033kv5jji.html,正片已剪掉，链接为花絮
《吐槽大会 第4季》,第8期,"综艺, 脱口秀, 腾讯, 视频, 音乐",2020/1/18,https://v.qq.com/x/cover/mzc00200odcx5lq/p0033lpoq93.html,正片已剪掉，链接为花絮
《吐槽大会 第4季》,第7期,"综艺, 脱口秀, 腾讯, 视频, 音乐",2020/1/11,https://v.qq.com/x/cover/mzc00200uzw5rk0/s0033vspafo.html,正片结尾
【快乐源泉】笑果文化最野的狼给你唱《野狼Disco》,,"B站, VLOG, 视频",2019/9/6,https://www.bilibili.com/video/BV1U4411y7sy,
【笑果工会】我倒要看看,Vol.02,"B站, VLOG, 视频",2019/9/5,https://www.bilibili.com/video/BV174411y7KH,酒量超好的勉
【笑果工会】我倒要看看,Vol.04花絮,"B站, VLOG, 视频",2019/9/30,https://www.bilibili.com/video/BV1EE411X7GM,
【笑果工会】我倒要看看,Vol.04,"B站, VLOG, 视频",2019/9/27,https://www.bilibili.com/video/BV1jJ411T7ji,
《脱口秀大会 第2季》,第10期,"综艺, 脱口秀, 腾讯, 视频, 音乐",2019/9/22,https://v.qq.com/x/cover/mzc00200zlzzlpl/i00416ale04.html,收尾曲（剪了一段）
《别哭 该走的早晚都会走》,,"B站, VLOG, 视频",2019/9/17,https://www.bilibili.com/video/BV1KJ411w7dJ?p=1&share_medium=android&share_plat=android&share_source=COPY&share_tag=s_i×tamp=1611555380&unique_k=E6BbM6,
【快乐源泉】一个人真好 —— 王勉CY自作曲大放送,,"B站, VLOG, 脱口秀, 视频, 音乐",2019/9/14,https://www.bilibili.com/video/BV1yJ411w7Hi,宝藏自作曲
【笑果工会】我倒要看看,Vol.03,"B站, VLOG, 视频",2019/9/14,https://www.bilibili.com/video/BV1yJ411w7W7,
【B站】中国BOY视频,【全职新手】08- 从开始决定要说脱口秀，我就后悔了！,"B站, VLOG, 视频",2019/8/9,https://www.bilibili.com/video/BV1At411K7we?spm_id_from=333.999.0.0,教中国BOY说脱口秀
「脱口秀演员有dú」,vol4,"B站, VLOG, 视频",2019/8/8,https://www.bilibili.com/video/BV1it411N77y,给Rock画像
「脱口秀演员有dú」,vol6,"B站, VLOG, 视频, 采访",2019/8/28,https://www.bilibili.com/video/BV1x4411z7tr,和CY互相吐槽
《脱口秀大会 第2季》,第6期,"综艺, 脱口秀, 腾讯, 视频, 音乐",2019/8/25,https://v.qq.com/x/cover/mzc00200kwuqkng/i0041aepnab.html,和CY，《爱一个人好难》
【笑果工会】我倒要看看,Vol.01,"B站, VLOG, 视频",2019/8/23,https://www.bilibili.com/video/BV1p4411R7Ve,
《写了首歌送给女朋友们》,,"B站, 视频",2019/7/21,https://www.bilibili.com/video/BV1Dt411E7aC,
《吐槽大会 第4季》,第2期,"综艺, 脱口秀, 腾讯, 视频, 音乐",2019/12/7,https://v.qq.com/x/cover/mzc002004gu6gps/h0033jqu1di.html,正片已剪掉，链接为花絮
《吐槽大会 第4季》,第5期,"综艺, 脱口秀, 腾讯, 视频, 音乐",2019/12/28,https://v.qq.com/x/cover/mzc00200lhnt0b6/i00336jbnjt.html,正片结尾
【笑果工会】「你看得到我」王勉CY小型纪录片,,"B站, VLOG, 视频, 采访",2019/12/26,https://www.bilibili.com/video/BV1TJ411s7hW,
《吐槽大会 第4季》,第4期,"综艺, 脱口秀, 腾讯, 视频, 音乐",2019/12/21,https://v.qq.com/x/cover/mzc002008tavlc6/y00336ylt71.html,正片结尾
【笑果工会】我倒要看看,Vol.06（下）,"B站, VLOG, 视频",2019/12/18,https://www.bilibili.com/video/BV1EJ411t7Bo,
《吐槽大会 第4季》,第3期,"综艺, 脱口秀, 腾讯, 视频, 音乐",2019/12/14,https://v.qq.com/x/cover/mzc00200i5qd3tq/t0033kftdzh.html,正片结尾
【笑果工会】我倒要看看,Vol.06（上）,"B站, VLOG, 视频",2019/12/11,https://www.bilibili.com/video/BV1GJ41117aU,
《吐槽大会 第4季》,第1期,"综艺, 脱口秀, 腾讯, 视频, 音乐",2019/11/30,https://v.qq.com/x/cover/mzc00200w2i885y/v00321go7am.html,正片已剪掉，链接为花絮
【笑果工会】「在用生命为你们搞笑」,,"B站, VLOG, 视频",2019/11/21,https://www.bilibili.com/video/BV1xJ41127fd,
【笑果工会】四驱兄弟,Ep-3,"B站, VLOG, 视频",2019/11/20,https://www.bilibili.com/video/BV1QJ41117Kg,
【车间访谈】Vol. 007「我担心我越来越红 但依然没有赚到钱」,,"采访, 音频",2019/11/13,https://c.y.qq.com/base/fcgi-bin/u?__=rLbxA3L,
【笑果工会】四驱兄弟,Ep-2,"B站, VLOG, 视频",2019/11/11,https://www.bilibili.com/video/BV1cE411e7ho,
昆明草莓音乐节,,"微博, 脱口秀, 音乐",2019/11/10,https://weibo.com/3182148054/MsmwzwslN,为避免下架设置为粉丝可见，先关注@Gnimoul，看完取关即可
《两个要去音乐节还没写歌的人》,,"B站, VLOG, 脱口秀, 视频",2019/10/11,https://www.bilibili.com/video/BV1eE411o7at,
【笑果工会】我倒要看看,Vol.05,"B站, VLOG, 视频",2019/10/11,https://www.bilibili.com/video/BV1FE411Z7PJ,弹唱 恋爱ing
《周六夜现场 第一季》,第1期,"优酷, 综艺, 视频",2018/6/23,https://v.youku.com/v_show/id_XMzY3MzgwNjQ1Ng==.html?spm=a2hbt.13141534.1_3.1&s=efbfbdefbfbd3626efbf&scm=20140719.apircmd.61519.video_XMzY3MzgwNjQ1Ng==,开场演马云（7分15秒处）
《吐槽大会 第2季》,第10期,"综艺, 脱口秀, 腾讯, 视频, 音乐",2018/2/11,https://v.qq.com/x/cover/rvfkwxhrykbypro/t0025rmg9nn.html,和毛不易，改编《巨星》
《故事王StoryMan 第二季》,第3期,"B站, 综艺, 视频",2018/11/17,https://www.bilibili.com/bangumi/play/ep278063,链接为官方，也可以直接在B站搜CUT
《吐槽大会 第2季》,第5期,"综艺, 腾讯, 视频",2018/1/7,https://v.qq.com/x/cover/mzc00200ay442h2/d0025eqyo2n.html,开场秀，扮柯南
《冒犯家族》,第10期,"爱奇艺, 综艺, 视频",2018/1/25,https://www.iqiyi.com/v_19rrfsvs4k.html,
《冒犯家族》,第9期,"爱奇艺, 综艺, 视频",2018/1/18,https://www.iqiyi.com/v_19rrfn68uc.html,
《冒犯家族》,第8期,"爱奇艺, 综艺, 视频",2018/1/11,https://www.iqiyi.com/v_19rreygvxo.html,
《脱口秀大会 第1季》,第5期,"综艺, 脱口秀, 腾讯, 视频, 音乐",2017/9/8,https://v.qq.com/x/cover/r7vu7uye2y578sk/h00411drijc.html,和Rock，《北京 北京》
《脱口秀大会 第1季》,第8期,"综艺, 腾讯, 视频",2017/9/29,https://v.qq.com/x/cover/j2ubf6j78zwpj22/p0024nkksc2.html,
《脱口秀大会 第1季》,第6期,"综艺, 腾讯, 视频",2017/9/15,https://v.qq.com/x/cover/bqo61k73czphhwa/a0024wd5stk.html,
《脱口秀大会 第1季》,第2期,"综艺, 腾讯, 视频",2017/8/18,https://v.qq.com/x/cover/fh9glnk4euaioei/q0041c42log.html,
《脱口秀大会 第1季》,第1期,"综艺, 腾讯, 视频",2017/8/11,https://v.qq.com/x/cover/9e84o47ic63u2g8/i0041cpo1f1.html,
创意儿童剧采访,,"优酷, 广播, 直播, 视频",2017/5/17,https://v.youku.com/v_show/id_XMjc2OTUzMzczNg==.html,具体时间不可考，暂记录视频为上传时间
《冒犯家族》,第3期,"爱奇艺, 综艺, 视频",2017/12/7,https://www.iqiyi.com/v_19rre5an9o.html,
《冒犯家族》,第5期,"爱奇艺, 综艺, 视频",2017/12/21,https://www.iqiyi.com/v_19rrf1c0t4.html,
《首届大学声视界校园演说大赛》,,"B站, 视频",2017/12/16,https://www.bilibili.com/video/BV1p5411b7e8?p=1&share_medium=android&share_plat=android&share_source=COPY&share_tag=s_i×tamp=1612508149&unique_k=dLqzLX,日期考证自沈阳师范大学网站：https://law.synu.edu.cn/2017/1216/c2527a25826/page.psp
《冒犯家族》,第4期,"爱奇艺, 综艺, 视频",2017/12/14,https://www.iqiyi.com/v_19rre5an9o.html,
《冒犯家族》,第2期,"爱奇艺, 综艺, 视频",2017/11/30,https://www.iqiyi.com/v_19rreknl6g.html,
《脱口秀大会 第1季》,第12期,"综艺, 脱口秀, 腾讯, 视频, 音乐",2017/10/27,https://v.qq.com/x/cover/gpxi4rt5xnac260/r0041rdbvzy.html,决赛开场曲（现已删）
《脱口秀大会 第1季》,第11期,"综艺, 脱口秀, 腾讯, 视频",2017/10/20,https://v.qq.com/x/cover/0xflk6yacsyn4dp/l0041lizq8z.html,吐槽自己个子矮
第四届《未来金话筒》创意视频秀,,"腾讯, 视频",2016/6/18,https://v.qq.com/x/page/w0307n5wi8f.html,
《夜宿山寺》（Live）,,"音乐, 音频",2022/6/15,https://c.y.qq.com/base/fcgi-bin/u?__=i05Vo2MvOpjy,
《听妈妈讲那过去的事情》,,"音乐, 音频",2021/12/29,https://c.y.qq.com/base/fcgi-bin/u?__=Wi6lv89T46tj,
《云上的小店 第二季》,第1期,"综艺, 芒果, 视频",2022/12/11,https://www.mgtv.com/b/506821/17932397.html,
《云上的小店 第二季》,第2期,"综艺, 芒果, 视频",2022/12/18,https://www.mgtv.com/b/506821/17976536.html,
《“见笑”-笑有引力》,第1期,"腾讯, B站, 视频, 采访",2022/12/21,https://v.qq.com/x/cover/mzc002005alcowf/f00455pb347.html,片尾曲作词作曲
《去炫吧！乐派》,第6期,"综艺, 芒果, 视频, 音乐",2023/1/28,https://www.mgtv.com/b/508148/18193199.html,
【李诞】,春晚reaction,"VLOG, 视频, 小红书, 抖音",2023/1/22,http://xhslink.com/EynxXm,抖音也有
《去炫吧！乐派》,会员Plus版第6期,"综艺, 芒果, 视频, 音乐",2023/1/29,https://www.mgtv.com/b/508148/18194975.html,
东方卫视 超好笑元宵夜,采访1,"采访, 视频, 微博",2023/2/1,https://m.weibo.cn/1767910704/4864309413283307,
东方卫视 超好笑元宵夜,采访2,"采访, 视频, 微博",2023/2/1,https://m.weibo.cn/1767910704/4864306896175149,
车澈的减肥日记,第39集,"VLOG, 抖音, 视频",2022/12/30,https://v.douyin.com/BMrefVh/,和《中国新说唱》导演车澈吃火锅
《春卷人之歌》,,"商务, 微博, 视频, 音乐",2022/1/17,https://video.weibo.com/show?fid=1034:4724896895533119,
麦当劳下班回魂快闪,销魂半鸡广告，魔性舞蹈,"商务, 视频, 微博, 音乐",2021/6/17,https://video.weibo.com/show?fid=1034:4649038033911853,
西麦燕麦 新宋词,,"商务, 视频, 微博, 音乐",2021/1/17,https://video.weibo.com/show?fid=1034:4593637959598113,
沃尔沃汽车 好人卡,,"商务, 视频, 微博, 音乐",2021/2/13,https://video.weibo.com/show?fid=1034:4765038289027102,
雀巢 闹个新巢年,,"商务, 视频, 微博, 音乐",2022/1/17,https://video.weibo.com/show?fid=1034:4726672424108105,
王勉x荒野乱斗 《乱斗生活》,广告歌曲MV,"商务, B站, 音乐, 视频",2021/2/10,https://www.bilibili.com/video/BV1RN41197Ew,
王勉游戏吐槽秀,IQOO手机广告,"商务, 微博, 视频, 脱口秀",2021/6/1,https://weibo.com/tv/show/1034:4643240125857854,
#王勉新年第一场脱口秀#,吉列广告,"商务, 微博, 视频, 音乐, 脱口秀",2021/2/17,https://m.weibo.cn/status/4605658631247173?sudaref=login.sina.com.cn,
西门子直播间,,"商务, 微博, 视频, 直播",2021/12/12,https://video.weibo.com/show?fid=1034:4713680181592093,第二段：https://video.weibo.com/show?fid=1034:4713711156527248
安慕希 2020反转糟心事,,"商务, 视频, 微博",2020/12/25,https://m.weibo.cn/3980995961/4585989333586036,
勇敢牛牛最新单曲,金典牛奶广告,"商务, 微博, 视频, 音乐",2021/8/10,https://video.weibo.com/show?fid=1034:4667307570692169,
笑果脱口罩,笑果口罩广告,"商务, 微博, 视频",2021/4/9,https://m.weibo.cn/5654566899/4624029392048182,勉自评：“想众筹打我自己”
茶觉梅好,康师傅青梅绿茶广告,"商务, 视频, 微博",2022/4/20,https://m.weibo.cn/1748447271/4760299075012426,
交通银行,信用卡广告,"商务, 微博, 视频",2021/1/15,https://m.weibo.cn/6760877342/4593692336197419,
交通银行,信用卡广告,"商务, 微博, 视频",2021/1/4,https://m.weibo.cn/6760877342/4589710859835331,
《女士的品格》,彩蛋9：“扫楼直播”,"直播, 影视, 芒果, 视频",2023/2/16,https://www.mgtv.com/b/464867/18333540.html,粉丝CUT：https://weibo.com/tv/show/1034:4869795892625466
时尚先生年度盛典,年度榜Young,"商务, 直播, 腾讯, 微博",2020/12/10,http://m.v.qq.com/play/play.html?vid=u0035xt3lxd&coverid=mzc00200kkwwmmm&columnid=90331,演讲cut：http://m.v.qq.com/play/play.html?vid=g3211blb0z1&coverid=mzc00200kkwwmmm&columnid=90331&url_from=share&second_share=0&share_from=copy；硬照：https://m.weibo.cn/2319599762/4580736680333795
【西戏XIXILIVE】,音乐剧幕后探班,"小红书, 视频, 采访",2023/4/21,http://xhslink.com/paG5jp,
《WUHA》,邓超/陈赫/鹿晗/范志毅/宝石Gem/王勉,"音乐, 音频",2023/4/22,https://c6.y.qq.com/base/fcgi-bin/u?__=CZrisC04hXPV,《哈哈哈哈哈》第三季节目主题曲
